scenario,iteration,model,precision,context,fragmentation,decay_applied
E1,1,BinaryGraph,1.0,1.0,0.0,0.9139426798457884
E1,1,HyperGraph,1.0,1.0,0.0,0.9139426798457884
E1,2,BinaryGraph,1.0,1.0,0.0,0.8525010755222666
E1,2,HyperGraph,1.0,1.0,0.0,0.8525010755222666
E1,3,BinaryGraph,1.0,1.0,0.0,0.8775029318369119
E1,3,HyperGraph,1.0,1.0,0.0,0.8775029318369119
E1,4,BinaryGraph,1.0,1.0,0.0,0.8723210738148822
E1,4,HyperGraph,1.0,1.0,0.0,0.8723210738148822
E1,5,BinaryGraph,1.0,1.0,0.0,0.9236471214164013
E1,5,HyperGraph,1.0,1.0,0.0,0.9236471214164013
E1,6,BinaryGraph,1.0,1.0,0.0,0.9176699487422911
E1,6,HyperGraph,1.0,1.0,0.0,0.9176699487422911
E1,7,BinaryGraph,1.0,1.0,0.0,0.9392179567704845
E1,7,HyperGraph,1.0,1.0,0.0,0.9392179567704845
E1,8,BinaryGraph,1.0,1.0,0.0,0.8586938832629416
E1,8,HyperGraph,1.0,1.0,0.0,0.8586938832629416
E1,9,BinaryGraph,1.0,1.0,0.0,0.892192181968527
E1,9,HyperGraph,1.0,1.0,0.0,0.892192181968527
E1,10,BinaryGraph,1.0,1.0,0.0,0.852979721943807
E1,10,HyperGraph,1.0,1.0,0.0,0.852979721943807
E1,11,BinaryGraph,1.0,1.0,0.0,0.8718637974803604
E1,11,HyperGraph,1.0,1.0,0.0,0.8718637974803604
E1,12,BinaryGraph,1.0,1.0,0.0,0.9005355288103362
E1,12,HyperGraph,1.0,1.0,0.0,0.9005355288103362
E1,13,BinaryGraph,1.0,1.0,0.0,0.8526535969683864
E1,13,HyperGraph,1.0,1.0,0.0,0.8526535969683864
E1,14,BinaryGraph,1.0,1.0,0.0,0.8698837650686648
E1,14,HyperGraph,1.0,1.0,0.0,0.8698837650686648
E1,15,BinaryGraph,1.0,1.0,0.0,0.9149884437779523
E1,15,HyperGraph,1.0,1.0,0.0,0.9149884437779523
E1,16,BinaryGraph,1.0,1.0,0.0,0.9044941480603217
E1,16,HyperGraph,1.0,1.0,0.0,0.9044941480603217
E1,17,BinaryGraph,1.0,1.0,0.0,0.8720440622040696
E1,17,HyperGraph,1.0,1.0,0.0,0.8720440622040696
E1,18,BinaryGraph,1.0,1.0,0.0,0.9089265683875909
E1,18,HyperGraph,1.0,1.0,0.0,0.9089265683875909
E1,19,BinaryGraph,1.0,1.0,0.0,0.9309430456677826
E1,19,HyperGraph,1.0,1.0,0.0,0.9309430456677826
E1,20,BinaryGraph,1.0,1.0,0.0,0.8506498759678061
E1,20,HyperGraph,1.0,1.0,0.0,0.8506498759678061
E1,21,BinaryGraph,1.0,1.0,0.0,0.9305819251832808
E1,21,HyperGraph,1.0,1.0,0.0,0.9305819251832808
E1,22,BinaryGraph,1.0,1.0,0.0,0.9198139394988226
E1,22,HyperGraph,1.0,1.0,0.0,0.9198139394988226
E1,23,BinaryGraph,1.0,1.0,0.0,0.8840250516517991
E1,23,HyperGraph,1.0,1.0,0.0,0.8840250516517991
E1,24,BinaryGraph,1.0,1.0,0.0,0.8655479499811781
E1,24,HyperGraph,1.0,1.0,0.0,0.8655479499811781
E1,25,BinaryGraph,1.0,1.0,0.0,0.945721307220678
E1,25,HyperGraph,1.0,1.0,0.0,0.945721307220678
E1,26,BinaryGraph,1.0,1.0,0.0,0.8836594545112626
E1,26,HyperGraph,1.0,1.0,0.0,0.8836594545112626
E1,27,BinaryGraph,1.0,1.0,0.0,0.8592745843380147
E1,27,HyperGraph,1.0,1.0,0.0,0.8592745843380147
E1,28,BinaryGraph,1.0,1.0,0.0,0.8596716376833464
E1,28,HyperGraph,1.0,1.0,0.0,0.8596716376833464
E1,29,BinaryGraph,1.0,1.0,0.0,0.934749436634746
E1,29,HyperGraph,1.0,1.0,0.0,0.934749436634746
E1,30,BinaryGraph,1.0,1.0,0.0,0.9103726031366891
E1,30,HyperGraph,1.0,1.0,0.0,0.9103726031366891
E1,31,BinaryGraph,1.0,1.0,0.0,0.930712827327438
E1,31,HyperGraph,1.0,1.0,0.0,0.930712827327438
E1,32,BinaryGraph,1.0,1.0,0.0,0.9229731786693818
E1,32,HyperGraph,1.0,1.0,0.0,0.9229731786693818
E1,33,BinaryGraph,1.0,1.0,0.0,0.90362280914547
E1,33,HyperGraph,1.0,1.0,0.0,0.90362280914547
E1,34,BinaryGraph,1.0,1.0,0.0,0.9473115763979371
E1,34,HyperGraph,1.0,1.0,0.0,0.9473115763979371
E1,35,BinaryGraph,1.0,1.0,0.0,0.8878534377208354
E1,35,HyperGraph,1.0,1.0,0.0,0.8878534377208354
E1,36,BinaryGraph,1.0,1.0,0.0,0.9052040631273227
E1,36,HyperGraph,1.0,1.0,0.0,0.9052040631273227
E1,37,BinaryGraph,1.0,1.0,0.0,0.9329404664252995
E1,37,HyperGraph,1.0,1.0,0.0,0.9329404664252995
E1,38,BinaryGraph,1.0,1.0,0.0,0.9118519752364246
E1,38,HyperGraph,1.0,1.0,0.0,0.9118519752364246
E1,39,BinaryGraph,1.0,1.0,0.0,0.9361706900310777
E1,39,HyperGraph,1.0,1.0,0.0,0.9361706900310777
E1,40,BinaryGraph,1.0,1.0,0.0,0.9077352145256762
E1,40,HyperGraph,1.0,1.0,0.0,0.9077352145256762
E1,41,BinaryGraph,1.0,1.0,0.0,0.9204571836214923
E1,41,HyperGraph,1.0,1.0,0.0,0.9204571836214923
E1,42,BinaryGraph,1.0,1.0,0.0,0.8545824383655662
E1,42,HyperGraph,1.0,1.0,0.0,0.8545824383655662
E1,43,BinaryGraph,1.0,1.0,0.0,0.8727898275651547
E1,43,HyperGraph,1.0,1.0,0.0,0.8727898275651547
E1,44,BinaryGraph,1.0,1.0,0.0,0.8789387963602107
E1,44,HyperGraph,1.0,1.0,0.0,0.8789387963602107
E1,45,BinaryGraph,1.0,1.0,0.0,0.8579791976923627
E1,45,HyperGraph,1.0,1.0,0.0,0.8579791976923627
E1,46,BinaryGraph,1.0,1.0,0.0,0.873279088636103
E1,46,HyperGraph,1.0,1.0,0.0,0.873279088636103
E1,47,BinaryGraph,1.0,1.0,0.0,0.8601001429409729
E1,47,HyperGraph,1.0,1.0,0.0,0.8601001429409729
E1,48,BinaryGraph,1.0,1.0,0.0,0.8777973603110092
E1,48,HyperGraph,1.0,1.0,0.0,0.8777973603110092
E1,49,BinaryGraph,1.0,1.0,0.0,0.91356844442644
E1,49,HyperGraph,1.0,1.0,0.0,0.91356844442644
E1,50,BinaryGraph,1.0,1.0,0.0,0.8864832178970083
E1,50,HyperGraph,1.0,1.0,0.0,0.8864832178970083
E1,51,BinaryGraph,1.0,1.0,0.0,0.8870180967116882
E1,51,HyperGraph,1.0,1.0,0.0,0.8870180967116882
E1,52,BinaryGraph,1.0,1.0,0.0,0.8709507030771487
E1,52,HyperGraph,1.0,1.0,0.0,0.8709507030771487
E1,53,BinaryGraph,1.0,1.0,0.0,0.8766977822049113
E1,53,HyperGraph,1.0,1.0,0.0,0.8766977822049113
E1,54,BinaryGraph,1.0,1.0,0.0,0.9436654587712494
E1,54,HyperGraph,1.0,1.0,0.0,0.9436654587712494
E1,55,BinaryGraph,1.0,1.0,0.0,0.9148035385246593
E1,55,HyperGraph,1.0,1.0,0.0,0.9148035385246593
E1,56,BinaryGraph,1.0,1.0,0.0,0.9109131005666988
E1,56,HyperGraph,1.0,1.0,0.0,0.9109131005666988
E1,57,BinaryGraph,1.0,1.0,0.0,0.8671138648198097
E1,57,HyperGraph,1.0,1.0,0.0,0.8671138648198097
E1,58,BinaryGraph,1.0,1.0,0.0,0.9229126797950349
E1,58,HyperGraph,1.0,1.0,0.0,0.9229126797950349
E1,59,BinaryGraph,1.0,1.0,0.0,0.8663402493761928
E1,59,HyperGraph,1.0,1.0,0.0,0.8663402493761928
E1,60,BinaryGraph,1.0,1.0,0.0,0.8879455441757648
E1,60,HyperGraph,1.0,1.0,0.0,0.8879455441757648
E1,61,BinaryGraph,1.0,1.0,0.0,0.9489523350636595
E1,61,HyperGraph,1.0,1.0,0.0,0.9489523350636595
E1,62,BinaryGraph,1.0,1.0,0.0,0.9139999759854093
E1,62,HyperGraph,1.0,1.0,0.0,0.9139999759854093
E1,63,BinaryGraph,1.0,1.0,0.0,0.9056949743774646
E1,63,HyperGraph,1.0,1.0,0.0,0.9056949743774646
E1,64,BinaryGraph,1.0,1.0,0.0,0.9184614250989874
E1,64,HyperGraph,1.0,1.0,0.0,0.9184614250989874
E1,65,BinaryGraph,1.0,1.0,0.0,0.934285192018981
E1,65,HyperGraph,1.0,1.0,0.0,0.934285192018981
E1,66,BinaryGraph,1.0,1.0,0.0,0.9275999911546244
E1,66,HyperGraph,1.0,1.0,0.0,0.9275999911546244
E1,67,BinaryGraph,1.0,1.0,0.0,0.8729048071964104
E1,67,HyperGraph,1.0,1.0,0.0,0.8729048071964104
E1,68,BinaryGraph,1.0,1.0,0.0,0.8532100243904037
E1,68,HyperGraph,1.0,1.0,0.0,0.8532100243904037
E1,69,BinaryGraph,1.0,1.0,0.0,0.8815453048059082
E1,69,HyperGraph,1.0,1.0,0.0,0.8815453048059082
E1,70,BinaryGraph,1.0,1.0,0.0,0.8767740875975703
E1,70,HyperGraph,1.0,1.0,0.0,0.8767740875975703
E1,71,BinaryGraph,1.0,1.0,0.0,0.8710982843586326
E1,71,HyperGraph,1.0,1.0,0.0,0.8710982843586326
E1,72,BinaryGraph,1.0,1.0,0.0,0.9442909714335054
E1,72,HyperGraph,1.0,1.0,0.0,0.9442909714335054
E1,73,BinaryGraph,1.0,1.0,0.0,0.9376367626472668
E1,73,HyperGraph,1.0,1.0,0.0,0.9376367626472668
E1,74,BinaryGraph,1.0,1.0,0.0,0.8814677880798477
E1,74,HyperGraph,1.0,1.0,0.0,0.8814677880798477
E1,75,BinaryGraph,1.0,1.0,0.0,0.9155438665294879
E1,75,HyperGraph,1.0,1.0,0.0,0.9155438665294879
E1,76,BinaryGraph,1.0,1.0,0.0,0.8895631901060664
E1,76,HyperGraph,1.0,1.0,0.0,0.8895631901060664
E1,77,BinaryGraph,1.0,1.0,0.0,0.9414547589740543
E1,77,HyperGraph,1.0,1.0,0.0,0.9414547589740543
E1,78,BinaryGraph,1.0,1.0,0.0,0.8958851852587398
E1,78,HyperGraph,1.0,1.0,0.0,0.8958851852587398
E1,79,BinaryGraph,1.0,1.0,0.0,0.8764880166498052
E1,79,HyperGraph,1.0,1.0,0.0,0.8764880166498052
E1,80,BinaryGraph,1.0,1.0,0.0,0.8746627507693984
E1,80,HyperGraph,1.0,1.0,0.0,0.8746627507693984
E1,81,BinaryGraph,1.0,1.0,0.0,0.906136813416315
E1,81,HyperGraph,1.0,1.0,0.0,0.906136813416315
E1,82,BinaryGraph,1.0,1.0,0.0,0.8762741608522935
E1,82,HyperGraph,1.0,1.0,0.0,0.8762741608522935
E1,83,BinaryGraph,1.0,1.0,0.0,0.908458599022354
E1,83,HyperGraph,1.0,1.0,0.0,0.908458599022354
E1,84,BinaryGraph,1.0,1.0,0.0,0.9397822883602477
E1,84,HyperGraph,1.0,1.0,0.0,0.9397822883602477
E1,85,BinaryGraph,1.0,1.0,0.0,0.8899400505140397
E1,85,HyperGraph,1.0,1.0,0.0,0.8899400505140397
E1,86,BinaryGraph,1.0,1.0,0.0,0.8719320759157283
E1,86,HyperGraph,1.0,1.0,0.0,0.8719320759157283
E1,87,BinaryGraph,1.0,1.0,0.0,0.949753760649511
E1,87,HyperGraph,1.0,1.0,0.0,0.949753760649511
E1,88,BinaryGraph,1.0,1.0,0.0,0.9009526293676464
E1,88,HyperGraph,1.0,1.0,0.0,0.9009526293676464
E1,89,BinaryGraph,1.0,1.0,0.0,0.8590909412173794
E1,89,HyperGraph,1.0,1.0,0.0,0.8590909412173794
E1,90,BinaryGraph,1.0,1.0,0.0,0.8547116375424735
E1,90,HyperGraph,1.0,1.0,0.0,0.8547116375424735
E1,91,BinaryGraph,1.0,1.0,0.0,0.8609649130350658
E1,91,HyperGraph,1.0,1.0,0.0,0.8609649130350658
E1,92,BinaryGraph,1.0,1.0,0.0,0.912744604170309
E1,92,HyperGraph,1.0,1.0,0.0,0.912744604170309
E1,93,BinaryGraph,1.0,1.0,0.0,0.9292079364362964
E1,93,HyperGraph,1.0,1.0,0.0,0.9292079364362964
E1,94,BinaryGraph,1.0,1.0,0.0,0.8922159966799683
E1,94,HyperGraph,1.0,1.0,0.0,0.8922159966799683
E1,95,BinaryGraph,1.0,1.0,0.0,0.8563527706151957
E1,95,HyperGraph,1.0,1.0,0.0,0.8563527706151957
E1,96,BinaryGraph,1.0,1.0,0.0,0.8881619286506537
E1,96,HyperGraph,1.0,1.0,0.0,0.8881619286506537
E1,97,BinaryGraph,1.0,1.0,0.0,0.9496121380240097
E1,97,HyperGraph,1.0,1.0,0.0,0.9496121380240097
E1,98,BinaryGraph,1.0,1.0,0.0,0.9029114345099136
E1,98,HyperGraph,1.0,1.0,0.0,0.9029114345099136
E1,99,BinaryGraph,1.0,1.0,0.0,0.9471078377613618
E1,99,HyperGraph,1.0,1.0,0.0,0.9471078377613618
E1,100,BinaryGraph,1.0,1.0,0.0,0.9360779702234497
E1,100,HyperGraph,1.0,1.0,0.0,0.9360779702234497
E2,1,BinaryGraph,0.3333333333333333,0.0,1.0,0.8511481021942819
E2,1,HyperGraph,1.0,1.0,0.0,0.8511481021942819
E2,2,BinaryGraph,0.3333333333333333,0.0,1.0,0.9220721819360194
E2,2,HyperGraph,1.0,1.0,0.0,0.9220721819360194
E2,3,BinaryGraph,0.3333333333333333,0.0,1.0,0.9181710369026574
E2,3,HyperGraph,1.0,1.0,0.0,0.9181710369026574
E2,4,BinaryGraph,0.3333333333333333,0.0,1.0,0.9036970330408794
E2,4,HyperGraph,1.0,1.0,0.0,0.9036970330408794
E2,5,BinaryGraph,0.3333333333333333,0.0,1.0,0.8766825189952543
E2,5,HyperGraph,1.0,1.0,0.0,0.8766825189952543
E2,6,BinaryGraph,0.3333333333333333,0.0,1.0,0.9140961798579808
E2,6,HyperGraph,1.0,1.0,0.0,0.9140961798579808
E2,7,BinaryGraph,0.3333333333333333,0.0,1.0,0.8611552173595877
E2,7,HyperGraph,1.0,1.0,0.0,0.8611552173595877
E2,8,BinaryGraph,0.3333333333333333,0.0,1.0,0.8934765250669104
E2,8,HyperGraph,1.0,1.0,0.0,0.8934765250669104
E2,9,BinaryGraph,0.3333333333333333,0.0,1.0,0.8953723706329206
E2,9,HyperGraph,1.0,1.0,0.0,0.8953723706329206
E2,10,BinaryGraph,0.3333333333333333,0.0,1.0,0.945381592752108
E2,10,HyperGraph,1.0,1.0,0.0,0.945381592752108
E2,11,BinaryGraph,0.3333333333333333,0.0,1.0,0.9375852940378193
E2,11,HyperGraph,1.0,1.0,0.0,0.9375852940378193
E2,12,BinaryGraph,0.3333333333333333,0.0,1.0,0.876338905075109
E2,12,HyperGraph,1.0,1.0,0.0,0.876338905075109
E2,13,BinaryGraph,0.3333333333333333,0.0,1.0,0.9000586113050298
E2,13,HyperGraph,1.0,1.0,0.0,0.9000586113050298
E2,14,BinaryGraph,0.3333333333333333,0.0,1.0,0.8678651880530132
E2,14,HyperGraph,1.0,1.0,0.0,0.8678651880530132
E2,15,BinaryGraph,0.3333333333333333,0.0,1.0,0.941262783934482
E2,15,HyperGraph,1.0,1.0,0.0,0.941262783934482
E2,16,BinaryGraph,0.3333333333333333,0.0,1.0,0.9370518569836767
E2,16,HyperGraph,1.0,1.0,0.0,0.9370518569836767
E2,17,BinaryGraph,0.3333333333333333,0.0,1.0,0.8798444791448633
E2,17,HyperGraph,1.0,1.0,0.0,0.8798444791448633
E2,18,BinaryGraph,0.3333333333333333,0.0,1.0,0.9138949494866004
E2,18,HyperGraph,1.0,1.0,0.0,0.9138949494866004
E2,19,BinaryGraph,0.3333333333333333,0.0,1.0,0.9108970211438172
E2,19,HyperGraph,1.0,1.0,0.0,0.9108970211438172
E2,20,BinaryGraph,0.3333333333333333,0.0,1.0,0.8652839268549635
E2,20,HyperGraph,1.0,1.0,0.0,0.8652839268549635
E2,21,BinaryGraph,0.3333333333333333,0.0,1.0,0.9262510800075151
E2,21,HyperGraph,1.0,1.0,0.0,0.9262510800075151
E2,22,BinaryGraph,0.3333333333333333,0.0,1.0,0.9039379030119625
E2,22,HyperGraph,1.0,1.0,0.0,0.9039379030119625
E2,23,BinaryGraph,0.3333333333333333,0.0,1.0,0.9278626478630558
E2,23,HyperGraph,1.0,1.0,0.0,0.9278626478630558
E2,24,BinaryGraph,0.3333333333333333,0.0,1.0,0.9030353672195177
E2,24,HyperGraph,1.0,1.0,0.0,0.9030353672195177
E2,25,BinaryGraph,0.3333333333333333,0.0,1.0,0.8500571896127943
E2,25,HyperGraph,1.0,1.0,0.0,0.8500571896127943
E2,26,BinaryGraph,0.3333333333333333,0.0,1.0,0.8824156057004673
E2,26,HyperGraph,1.0,1.0,0.0,0.8824156057004673
E2,27,BinaryGraph,0.3333333333333333,0.0,1.0,0.8519476742385832
E2,27,HyperGraph,1.0,1.0,0.0,0.8519476742385832
E2,28,BinaryGraph,0.3333333333333333,0.0,1.0,0.9429098616264616
E2,28,HyperGraph,1.0,1.0,0.0,0.9429098616264616
E2,29,BinaryGraph,0.3333333333333333,0.0,1.0,0.9378721877823184
E2,29,HyperGraph,1.0,1.0,0.0,0.9378721877823184
E2,30,BinaryGraph,0.3333333333333333,0.0,1.0,0.9331665529361179
E2,30,HyperGraph,1.0,1.0,0.0,0.9331665529361179
E2,31,BinaryGraph,0.3333333333333333,0.0,1.0,0.8807514125402661
E2,31,HyperGraph,1.0,1.0,0.0,0.8807514125402661
E2,32,BinaryGraph,0.3333333333333333,0.0,1.0,0.8557925166494187
E2,32,HyperGraph,1.0,1.0,0.0,0.8557925166494187
E2,33,BinaryGraph,0.3333333333333333,0.0,1.0,0.937800959920404
E2,33,HyperGraph,1.0,1.0,0.0,0.937800959920404
E2,34,BinaryGraph,0.3333333333333333,0.0,1.0,0.9446949445297994
E2,34,HyperGraph,1.0,1.0,0.0,0.9446949445297994
E2,35,BinaryGraph,0.3333333333333333,0.0,1.0,0.8585653452067878
E2,35,HyperGraph,1.0,1.0,0.0,0.8585653452067878
E2,36,BinaryGraph,0.3333333333333333,0.0,1.0,0.8985990463316613
E2,36,HyperGraph,1.0,1.0,0.0,0.8985990463316613
E2,37,BinaryGraph,0.3333333333333333,0.0,1.0,0.8569212518468383
E2,37,HyperGraph,1.0,1.0,0.0,0.8569212518468383
E2,38,BinaryGraph,0.3333333333333333,0.0,1.0,0.9260602165257231
E2,38,HyperGraph,1.0,1.0,0.0,0.9260602165257231
E2,39,BinaryGraph,0.3333333333333333,0.0,1.0,0.9265834429306987
E2,39,HyperGraph,1.0,1.0,0.0,0.9265834429306987
E2,40,BinaryGraph,0.3333333333333333,0.0,1.0,0.8628391464499763
E2,40,HyperGraph,1.0,1.0,0.0,0.8628391464499763
E2,41,BinaryGraph,0.3333333333333333,0.0,1.0,0.8975282378098731
E2,41,HyperGraph,1.0,1.0,0.0,0.8975282378098731
E2,42,BinaryGraph,0.3333333333333333,0.0,1.0,0.9049803593494944
E2,42,HyperGraph,1.0,1.0,0.0,0.9049803593494944
E2,43,BinaryGraph,0.3333333333333333,0.0,1.0,0.8765056628940059
E2,43,HyperGraph,1.0,1.0,0.0,0.8765056628940059
E2,44,BinaryGraph,0.3333333333333333,0.0,1.0,0.9372433041085257
E2,44,HyperGraph,1.0,1.0,0.0,0.9372433041085257
E2,45,BinaryGraph,0.3333333333333333,0.0,1.0,0.8923137940200887
E2,45,HyperGraph,1.0,1.0,0.0,0.8923137940200887
E2,46,BinaryGraph,0.3333333333333333,0.0,1.0,0.8711798205442082
E2,46,HyperGraph,1.0,1.0,0.0,0.8711798205442082
E2,47,BinaryGraph,0.3333333333333333,0.0,1.0,0.9039296088779458
E2,47,HyperGraph,1.0,1.0,0.0,0.9039296088779458
E2,48,BinaryGraph,0.3333333333333333,0.0,1.0,0.9229931069089976
E2,48,HyperGraph,1.0,1.0,0.0,0.9229931069089976
E2,49,BinaryGraph,0.3333333333333333,0.0,1.0,0.8701151063389696
E2,49,HyperGraph,1.0,1.0,0.0,0.8701151063389696
E2,50,BinaryGraph,0.3333333333333333,0.0,1.0,0.8811716291300895
E2,50,HyperGraph,1.0,1.0,0.0,0.8811716291300895
E2,51,BinaryGraph,0.3333333333333333,0.0,1.0,0.9495149356660895
E2,51,HyperGraph,1.0,1.0,0.0,0.9495149356660895
E2,52,BinaryGraph,0.3333333333333333,0.0,1.0,0.9149878057639453
E2,52,HyperGraph,1.0,1.0,0.0,0.9149878057639453
E2,53,BinaryGraph,0.3333333333333333,0.0,1.0,0.8938100083914504
E2,53,HyperGraph,1.0,1.0,0.0,0.8938100083914504
E2,54,BinaryGraph,0.3333333333333333,0.0,1.0,0.901757584103559
E2,54,HyperGraph,1.0,1.0,0.0,0.901757584103559
E2,55,BinaryGraph,0.3333333333333333,0.0,1.0,0.8621004195868266
E2,55,HyperGraph,1.0,1.0,0.0,0.8621004195868266
E2,56,BinaryGraph,0.3333333333333333,0.0,1.0,0.8724697337031557
E2,56,HyperGraph,1.0,1.0,0.0,0.8724697337031557
E2,57,BinaryGraph,0.3333333333333333,0.0,1.0,0.8838085562147455
E2,57,HyperGraph,1.0,1.0,0.0,0.8838085562147455
E2,58,BinaryGraph,0.3333333333333333,0.0,1.0,0.9088308718457233
E2,58,HyperGraph,1.0,1.0,0.0,0.9088308718457233
E2,59,BinaryGraph,0.3333333333333333,0.0,1.0,0.8730114732596577
E2,59,HyperGraph,1.0,1.0,0.0,0.8730114732596577
E2,60,BinaryGraph,0.3333333333333333,0.0,1.0,0.872021738445156
E2,60,HyperGraph,1.0,1.0,0.0,0.872021738445156
E2,61,BinaryGraph,0.3333333333333333,0.0,1.0,0.8570993086009032
E2,61,HyperGraph,1.0,1.0,0.0,0.8570993086009032
E2,62,BinaryGraph,0.3333333333333333,0.0,1.0,0.9131102957270099
E2,62,HyperGraph,1.0,1.0,0.0,0.9131102957270099
E2,63,BinaryGraph,0.3333333333333333,0.0,1.0,0.8728941783811154
E2,63,HyperGraph,1.0,1.0,0.0,0.8728941783811154
E2,64,BinaryGraph,0.3333333333333333,0.0,1.0,0.9405420013006127
E2,64,HyperGraph,1.0,1.0,0.0,0.9405420013006127
E2,65,BinaryGraph,0.3333333333333333,0.0,1.0,0.9359635400253746
E2,65,HyperGraph,1.0,1.0,0.0,0.9359635400253746
E2,66,BinaryGraph,0.3333333333333333,0.0,1.0,0.8570857349888653
E2,66,HyperGraph,1.0,1.0,0.0,0.8570857349888653
E2,67,BinaryGraph,0.3333333333333333,0.0,1.0,0.8738004634368995
E2,67,HyperGraph,1.0,1.0,0.0,0.8738004634368995
E2,68,BinaryGraph,0.3333333333333333,0.0,1.0,0.916897777829628
E2,68,HyperGraph,1.0,1.0,0.0,0.916897777829628
E2,69,BinaryGraph,0.3333333333333333,0.0,1.0,0.8714236807370438
E2,69,HyperGraph,1.0,1.0,0.0,0.8714236807370438
E2,70,BinaryGraph,0.3333333333333333,0.0,1.0,0.8632311848725025
E2,70,HyperGraph,1.0,1.0,0.0,0.8632311848725025
E2,71,BinaryGraph,0.3333333333333333,0.0,1.0,0.943551424058067
E2,71,HyperGraph,1.0,1.0,0.0,0.943551424058067
E2,72,BinaryGraph,0.3333333333333333,0.0,1.0,0.9071043093325284
E2,72,HyperGraph,1.0,1.0,0.0,0.9071043093325284
E2,73,BinaryGraph,0.3333333333333333,0.0,1.0,0.8972671026311794
E2,73,HyperGraph,1.0,1.0,0.0,0.8972671026311794
E2,74,BinaryGraph,0.3333333333333333,0.0,1.0,0.9284619424290753
E2,74,HyperGraph,1.0,1.0,0.0,0.9284619424290753
E2,75,BinaryGraph,0.3333333333333333,0.0,1.0,0.9307496997766643
E2,75,HyperGraph,1.0,1.0,0.0,0.9307496997766643
E2,76,BinaryGraph,0.3333333333333333,0.0,1.0,0.8690409914361877
E2,76,HyperGraph,1.0,1.0,0.0,0.8690409914361877
E2,77,BinaryGraph,0.3333333333333333,0.0,1.0,0.8596930814228823
E2,77,HyperGraph,1.0,1.0,0.0,0.8596930814228823
E2,78,BinaryGraph,0.3333333333333333,0.0,1.0,0.8931051182406378
E2,78,HyperGraph,1.0,1.0,0.0,0.8931051182406378
E2,79,BinaryGraph,0.3333333333333333,0.0,1.0,0.8923578623019921
E2,79,HyperGraph,1.0,1.0,0.0,0.8923578623019921
E2,80,BinaryGraph,0.3333333333333333,0.0,1.0,0.8967024668036675
E2,80,HyperGraph,1.0,1.0,0.0,0.8967024668036675
E2,81,BinaryGraph,0.3333333333333333,0.0,1.0,0.922907584945985
E2,81,HyperGraph,1.0,1.0,0.0,0.922907584945985
E2,82,BinaryGraph,0.3333333333333333,0.0,1.0,0.9173364547293301
E2,82,HyperGraph,1.0,1.0,0.0,0.9173364547293301
E2,83,BinaryGraph,0.3333333333333333,0.0,1.0,0.9484165211365966
E2,83,HyperGraph,1.0,1.0,0.0,0.9484165211365966
E2,84,BinaryGraph,0.3333333333333333,0.0,1.0,0.8598417871151959
E2,84,HyperGraph,1.0,1.0,0.0,0.8598417871151959
E2,85,BinaryGraph,0.3333333333333333,0.0,1.0,0.8902621282102269
E2,85,HyperGraph,1.0,1.0,0.0,0.8902621282102269
E2,86,BinaryGraph,0.3333333333333333,0.0,1.0,0.8839302605394963
E2,86,HyperGraph,1.0,1.0,0.0,0.8839302605394963
E2,87,BinaryGraph,0.3333333333333333,0.0,1.0,0.9361672536352791
E2,87,HyperGraph,1.0,1.0,0.0,0.9361672536352791
E2,88,BinaryGraph,0.3333333333333333,0.0,1.0,0.8748656333920285
E2,88,HyperGraph,1.0,1.0,0.0,0.8748656333920285
E2,89,BinaryGraph,0.3333333333333333,0.0,1.0,0.8690208908440811
E2,89,HyperGraph,1.0,1.0,0.0,0.8690208908440811
E2,90,BinaryGraph,0.3333333333333333,0.0,1.0,0.8948613547833132
E2,90,HyperGraph,1.0,1.0,0.0,0.8948613547833132
E2,91,BinaryGraph,0.3333333333333333,0.0,1.0,0.8921881639834404
E2,91,HyperGraph,1.0,1.0,0.0,0.8921881639834404
E2,92,BinaryGraph,0.3333333333333333,0.0,1.0,0.877854514466694
E2,92,HyperGraph,1.0,1.0,0.0,0.877854514466694
E2,93,BinaryGraph,0.3333333333333333,0.0,1.0,0.87498064478821
E2,93,HyperGraph,1.0,1.0,0.0,0.87498064478821
E2,94,BinaryGraph,0.3333333333333333,0.0,1.0,0.9423265599276013
E2,94,HyperGraph,1.0,1.0,0.0,0.9423265599276013
E2,95,BinaryGraph,0.3333333333333333,0.0,1.0,0.8943130745053457
E2,95,HyperGraph,1.0,1.0,0.0,0.8943130745053457
E2,96,BinaryGraph,0.3333333333333333,0.0,1.0,0.936134910476183
E2,96,HyperGraph,1.0,1.0,0.0,0.936134910476183
E2,97,BinaryGraph,0.3333333333333333,0.0,1.0,0.9050325312449847
E2,97,HyperGraph,1.0,1.0,0.0,0.9050325312449847
E2,98,BinaryGraph,0.3333333333333333,0.0,1.0,0.8550588329524881
E2,98,HyperGraph,1.0,1.0,0.0,0.8550588329524881
E2,99,BinaryGraph,0.3333333333333333,0.0,1.0,0.9499282468412726
E2,99,HyperGraph,1.0,1.0,0.0,0.9499282468412726
E2,100,BinaryGraph,0.3333333333333333,0.0,1.0,0.9336027585079951
E2,100,HyperGraph,1.0,1.0,0.0,0.9336027585079951
E3,1,BinaryGraph,0.25,0.0,1.0,0.9468996257284751
E3,1,HyperGraph,1.0,1.0,0.0,0.9468996257284751
E3,2,BinaryGraph,0.25,0.0,1.0,0.9426366983008128
E3,2,HyperGraph,1.0,1.0,0.0,0.9426366983008128
E3,3,BinaryGraph,0.25,0.0,1.0,0.9348695734414305
E3,3,HyperGraph,1.0,1.0,0.0,0.9348695734414305
E3,4,BinaryGraph,0.25,0.0,1.0,0.8666311110603914
E3,4,HyperGraph,1.0,1.0,0.0,0.8666311110603914
E3,5,BinaryGraph,0.25,0.0,1.0,0.8985641125450718
E3,5,HyperGraph,1.0,1.0,0.0,0.8985641125450718
E3,6,BinaryGraph,0.25,0.0,1.0,0.8713747299199182
E3,6,HyperGraph,1.0,1.0,0.0,0.8713747299199182
E3,7,BinaryGraph,0.25,0.0,1.0,0.8901040292549453
E3,7,HyperGraph,1.0,1.0,0.0,0.8901040292549453
E3,8,BinaryGraph,0.25,0.0,1.0,0.8558635399972179
E3,8,HyperGraph,1.0,1.0,0.0,0.8558635399972179
E3,9,BinaryGraph,0.25,0.0,1.0,0.8878973118976916
E3,9,HyperGraph,1.0,1.0,0.0,0.8878973118976916
E3,10,BinaryGraph,0.25,0.0,1.0,0.9485308843779725
E3,10,HyperGraph,1.0,1.0,0.0,0.9485308843779725
E3,11,BinaryGraph,0.25,0.0,1.0,0.8765203058172152
E3,11,HyperGraph,1.0,1.0,0.0,0.8765203058172152
E3,12,BinaryGraph,0.25,0.0,1.0,0.9284070601948569
E3,12,HyperGraph,1.0,1.0,0.0,0.9284070601948569
E3,13,BinaryGraph,0.25,0.0,1.0,0.8955008367339143
E3,13,HyperGraph,1.0,1.0,0.0,0.8955008367339143
E3,14,BinaryGraph,0.25,0.0,1.0,0.8923007485990162
E3,14,HyperGraph,1.0,1.0,0.0,0.8923007485990162
E3,15,BinaryGraph,0.25,0.0,1.0,0.9457317640859673
E3,15,HyperGraph,1.0,1.0,0.0,0.9457317640859673
E3,16,BinaryGraph,0.25,0.0,1.0,0.9495422689492713
E3,16,HyperGraph,1.0,1.0,0.0,0.9495422689492713
E3,17,BinaryGraph,0.25,0.0,1.0,0.9055768323405617
E3,17,HyperGraph,1.0,1.0,0.0,0.9055768323405617
E3,18,BinaryGraph,0.25,0.0,1.0,0.9218408275296326
E3,18,HyperGraph,1.0,1.0,0.0,0.9218408275296326
E3,19,BinaryGraph,0.25,0.0,1.0,0.8654796825274064
E3,19,HyperGraph,1.0,1.0,0.0,0.8654796825274064
E3,20,BinaryGraph,0.25,0.0,1.0,0.8796707825494564
E3,20,HyperGraph,1.0,1.0,0.0,0.8796707825494564
E3,21,BinaryGraph,0.25,0.0,1.0,0.9468709364969159
E3,21,HyperGraph,1.0,1.0,0.0,0.9468709364969159
E3,22,BinaryGraph,0.25,0.0,1.0,0.9079180290816256
E3,22,HyperGraph,1.0,1.0,0.0,0.9079180290816256
E3,23,BinaryGraph,0.25,0.0,1.0,0.9042195201374273
E3,23,HyperGraph,1.0,1.0,0.0,0.9042195201374273
E3,24,BinaryGraph,0.25,0.0,1.0,0.9247975560379064
E3,24,HyperGraph,1.0,1.0,0.0,0.9247975560379064
E3,25,BinaryGraph,0.25,0.0,1.0,0.8557165272907483
E3,25,HyperGraph,1.0,1.0,0.0,0.8557165272907483
E3,26,BinaryGraph,0.25,0.0,1.0,0.9084177594458971
E3,26,HyperGraph,1.0,1.0,0.0,0.9084177594458971
E3,27,BinaryGraph,0.25,0.0,1.0,0.9002850382919513
E3,27,HyperGraph,1.0,1.0,0.0,0.9002850382919513
E3,28,BinaryGraph,0.25,0.0,1.0,0.9352719892048285
E3,28,HyperGraph,1.0,1.0,0.0,0.9352719892048285
E3,29,BinaryGraph,0.25,0.0,1.0,0.8657432727939482
E3,29,HyperGraph,1.0,1.0,0.0,0.8657432727939482
E3,30,BinaryGraph,0.25,0.0,1.0,0.9460778903274449
E3,30,HyperGraph,1.0,1.0,0.0,0.9460778903274449
E3,31,BinaryGraph,0.25,0.0,1.0,0.8580111465240586
E3,31,HyperGraph,1.0,1.0,0.0,0.8580111465240586
E3,32,BinaryGraph,0.25,0.0,1.0,0.8685824960980723
E3,32,HyperGraph,1.0,1.0,0.0,0.8685824960980723
E3,33,BinaryGraph,0.25,0.0,1.0,0.9095035106450027
E3,33,HyperGraph,1.0,1.0,0.0,0.9095035106450027
E3,34,BinaryGraph,0.25,0.0,1.0,0.917521255360409
E3,34,HyperGraph,1.0,1.0,0.0,0.917521255360409
E3,35,BinaryGraph,0.25,0.0,1.0,0.8735203895000931
E3,35,HyperGraph,1.0,1.0,0.0,0.8735203895000931
E3,36,BinaryGraph,0.25,0.0,1.0,0.8619886613947124
E3,36,HyperGraph,1.0,1.0,0.0,0.8619886613947124
E3,37,BinaryGraph,0.25,0.0,1.0,0.9390287314129437
E3,37,HyperGraph,1.0,1.0,0.0,0.9390287314129437
E3,38,BinaryGraph,0.25,0.0,1.0,0.8746215347788625
E3,38,HyperGraph,1.0,1.0,0.0,0.8746215347788625
E3,39,BinaryGraph,0.25,0.0,1.0,0.9094519153533441
E3,39,HyperGraph,1.0,1.0,0.0,0.9094519153533441
E3,40,BinaryGraph,0.25,0.0,1.0,0.9119381510332103
E3,40,HyperGraph,1.0,1.0,0.0,0.9119381510332103
E3,41,BinaryGraph,0.25,0.0,1.0,0.8919224915335873
E3,41,HyperGraph,1.0,1.0,0.0,0.8919224915335873
E3,42,BinaryGraph,0.25,0.0,1.0,0.9083672289291225
E3,42,HyperGraph,1.0,1.0,0.0,0.9083672289291225
E3,43,BinaryGraph,0.25,0.0,1.0,0.9022782715531958
E3,43,HyperGraph,1.0,1.0,0.0,0.9022782715531958
E3,44,BinaryGraph,0.25,0.0,1.0,0.9434706257736427
E3,44,HyperGraph,1.0,1.0,0.0,0.9434706257736427
E3,45,BinaryGraph,0.25,0.0,1.0,0.8704259199423536
E3,45,HyperGraph,1.0,1.0,0.0,0.8704259199423536
E3,46,BinaryGraph,0.25,0.0,1.0,0.9216191800789415
E3,46,HyperGraph,1.0,1.0,0.0,0.9216191800789415
E3,47,BinaryGraph,0.25,0.0,1.0,0.8738685952615846
E3,47,HyperGraph,1.0,1.0,0.0,0.8738685952615846
E3,48,BinaryGraph,0.25,0.0,1.0,0.8895785846791254
E3,48,HyperGraph,1.0,1.0,0.0,0.8895785846791254
E3,49,BinaryGraph,0.25,0.0,1.0,0.9171690222959971
E3,49,HyperGraph,1.0,1.0,0.0,0.9171690222959971
E3,50,BinaryGraph,0.25,0.0,1.0,0.8799997079798761
E3,50,HyperGraph,1.0,1.0,0.0,0.8799997079798761
E3,51,BinaryGraph,0.25,0.0,1.0,0.8816177196271854
E3,51,HyperGraph,1.0,1.0,0.0,0.8816177196271854
E3,52,BinaryGraph,0.25,0.0,1.0,0.9251864492414401
E3,52,HyperGraph,1.0,1.0,0.0,0.9251864492414401
E3,53,BinaryGraph,0.25,0.0,1.0,0.8572543114493157
E3,53,HyperGraph,1.0,1.0,0.0,0.8572543114493157
E3,54,BinaryGraph,0.25,0.0,1.0,0.8958285522618585
E3,54,HyperGraph,1.0,1.0,0.0,0.8958285522618585
E3,55,BinaryGraph,0.25,0.0,1.0,0.9498454440854442
E3,55,HyperGraph,1.0,1.0,0.0,0.9498454440854442
E3,56,BinaryGraph,0.25,0.0,1.0,0.9496096447855094
E3,56,HyperGraph,1.0,1.0,0.0,0.9496096447855094
E3,57,BinaryGraph,0.25,0.0,1.0,0.8573260721099633
E3,57,HyperGraph,1.0,1.0,0.0,0.8573260721099633
E3,58,BinaryGraph,0.25,0.0,1.0,0.871315431226704
E3,58,HyperGraph,1.0,1.0,0.0,0.871315431226704
E3,59,BinaryGraph,0.25,0.0,1.0,0.8765200414750401
E3,59,HyperGraph,1.0,1.0,0.0,0.8765200414750401
E3,60,BinaryGraph,0.25,0.0,1.0,0.9433259377993709
E3,60,HyperGraph,1.0,1.0,0.0,0.9433259377993709
E3,61,BinaryGraph,0.25,0.0,1.0,0.938086417368644
E3,61,HyperGraph,1.0,1.0,0.0,0.938086417368644
E3,62,BinaryGraph,0.25,0.0,1.0,0.9379270242484542
E3,62,HyperGraph,1.0,1.0,0.0,0.9379270242484542
E3,63,BinaryGraph,0.25,0.0,1.0,0.8869527088738883
E3,63,HyperGraph,1.0,1.0,0.0,0.8869527088738883
E3,64,BinaryGraph,0.25,0.0,1.0,0.8657746832357232
E3,64,HyperGraph,1.0,1.0,0.0,0.8657746832357232
E3,65,BinaryGraph,0.25,0.0,1.0,0.9333744954639807
E3,65,HyperGraph,1.0,1.0,0.0,0.9333744954639807
E3,66,BinaryGraph,0.25,0.0,1.0,0.9203539925087371
E3,66,HyperGraph,1.0,1.0,0.0,0.9203539925087371
E3,67,BinaryGraph,0.25,0.0,1.0,0.911167776572595
E3,67,HyperGraph,1.0,1.0,0.0,0.911167776572595
E3,68,BinaryGraph,0.25,0.0,1.0,0.9487233063631504
E3,68,HyperGraph,1.0,1.0,0.0,0.9487233063631504
E3,69,BinaryGraph,0.25,0.0,1.0,0.9153976317710733
E3,69,HyperGraph,1.0,1.0,0.0,0.9153976317710733
E3,70,BinaryGraph,0.25,0.0,1.0,0.8507823107152158
E3,70,HyperGraph,1.0,1.0,0.0,0.8507823107152158
E3,71,BinaryGraph,0.25,0.0,1.0,0.9317104135115462
E3,71,HyperGraph,1.0,1.0,0.0,0.9317104135115462
E3,72,BinaryGraph,0.25,0.0,1.0,0.8799378752199978
E3,72,HyperGraph,1.0,1.0,0.0,0.8799378752199978
E3,73,BinaryGraph,0.25,0.0,1.0,0.9163388714966076
E3,73,HyperGraph,1.0,1.0,0.0,0.9163388714966076
E3,74,BinaryGraph,0.25,0.0,1.0,0.9438930003927104
E3,74,HyperGraph,1.0,1.0,0.0,0.9438930003927104
E3,75,BinaryGraph,0.25,0.0,1.0,0.8634291114393368
E3,75,HyperGraph,1.0,1.0,0.0,0.8634291114393368
E3,76,BinaryGraph,0.25,0.0,1.0,0.8615428670419102
E3,76,HyperGraph,1.0,1.0,0.0,0.8615428670419102
E3,77,BinaryGraph,0.25,0.0,1.0,0.8607035977709417
E3,77,HyperGraph,1.0,1.0,0.0,0.8607035977709417
E3,78,BinaryGraph,0.25,0.0,1.0,0.9053223640884815
E3,78,HyperGraph,1.0,1.0,0.0,0.9053223640884815
E3,79,BinaryGraph,0.25,0.0,1.0,0.8772348212314816
E3,79,HyperGraph,1.0,1.0,0.0,0.8772348212314816
E3,80,BinaryGraph,0.25,0.0,1.0,0.9104829827030223
E3,80,HyperGraph,1.0,1.0,0.0,0.9104829827030223
E3,81,BinaryGraph,0.25,0.0,1.0,0.9217612187138797
E3,81,HyperGraph,1.0,1.0,0.0,0.9217612187138797
E3,82,BinaryGraph,0.25,0.0,1.0,0.8703597312327452
E3,82,HyperGraph,1.0,1.0,0.0,0.8703597312327452
E3,83,BinaryGraph,0.25,0.0,1.0,0.913423795888508
E3,83,HyperGraph,1.0,1.0,0.0,0.913423795888508
E3,84,BinaryGraph,0.25,0.0,1.0,0.8763983901630409
E3,84,HyperGraph,1.0,1.0,0.0,0.8763983901630409
E3,85,BinaryGraph,0.25,0.0,1.0,0.8988531852149376
E3,85,HyperGraph,1.0,1.0,0.0,0.8988531852149376
E3,86,BinaryGraph,0.25,0.0,1.0,0.9405336491079322
E3,86,HyperGraph,1.0,1.0,0.0,0.9405336491079322
E3,87,BinaryGraph,0.25,0.0,1.0,0.9346103713294855
E3,87,HyperGraph,1.0,1.0,0.0,0.9346103713294855
E3,88,BinaryGraph,0.25,0.0,1.0,0.8592298467712733
E3,88,HyperGraph,1.0,1.0,0.0,0.8592298467712733
E3,89,BinaryGraph,0.25,0.0,1.0,0.8923575772563725
E3,89,HyperGraph,1.0,1.0,0.0,0.8923575772563725
E3,90,BinaryGraph,0.25,0.0,1.0,0.8776680223972252
E3,90,HyperGraph,1.0,1.0,0.0,0.8776680223972252
E3,91,BinaryGraph,0.25,0.0,1.0,0.8503545689087783
E3,91,HyperGraph,1.0,1.0,0.0,0.8503545689087783
E3,92,BinaryGraph,0.25,0.0,1.0,0.9271119223019627
E3,92,HyperGraph,1.0,1.0,0.0,0.9271119223019627
E3,93,BinaryGraph,0.25,0.0,1.0,0.9137113377301379
E3,93,HyperGraph,1.0,1.0,0.0,0.9137113377301379
E3,94,BinaryGraph,0.25,0.0,1.0,0.8761955262434348
E3,94,HyperGraph,1.0,1.0,0.0,0.8761955262434348
E3,95,BinaryGraph,0.25,0.0,1.0,0.924123090834793
E3,95,HyperGraph,1.0,1.0,0.0,0.924123090834793
E3,96,BinaryGraph,0.25,0.0,1.0,0.9051680421126391
E3,96,HyperGraph,1.0,1.0,0.0,0.9051680421126391
E3,97,BinaryGraph,0.25,0.0,1.0,0.892768691898068
E3,97,HyperGraph,1.0,1.0,0.0,0.892768691898068
E3,98,BinaryGraph,0.25,0.0,1.0,0.850966969960834
E3,98,HyperGraph,1.0,1.0,0.0,0.850966969960834
E3,99,BinaryGraph,0.25,0.0,1.0,0.8575243860073767
E3,99,HyperGraph,1.0,1.0,0.0,0.8575243860073767
E3,100,BinaryGraph,0.25,0.0,1.0,0.9383106393300142
E3,100,HyperGraph,1.0,1.0,0.0,0.9383106393300142
E4,1,BinaryGraph,0.2,0.0,1.0,0.9403928571559893
E4,1,HyperGraph,1.0,1.0,0.0,0.9403928571559893
E4,2,BinaryGraph,0.2,0.0,1.0,0.9045590289205522
E4,2,HyperGraph,1.0,1.0,0.0,0.9045590289205522
E4,3,BinaryGraph,0.2,0.0,1.0,0.9334595019886016
E4,3,HyperGraph,1.0,1.0,0.0,0.9334595019886016
E4,4,BinaryGraph,0.2,0.0,1.0,0.9082509566489794
E4,4,HyperGraph,1.0,1.0,0.0,0.9082509566489794
E4,5,BinaryGraph,0.2,0.0,1.0,0.8648093785567482
E4,5,HyperGraph,1.0,1.0,0.0,0.8648093785567482
E4,6,BinaryGraph,0.2,0.0,1.0,0.8627445519282139
E4,6,HyperGraph,1.0,1.0,0.0,0.8627445519282139
E4,7,BinaryGraph,0.2,0.0,1.0,0.8808258349930134
E4,7,HyperGraph,1.0,1.0,0.0,0.8808258349930134
E4,8,BinaryGraph,0.2,0.0,1.0,0.9398981488742589
E4,8,HyperGraph,1.0,1.0,0.0,0.9398981488742589
E4,9,BinaryGraph,0.2,0.0,1.0,0.9296122304888041
E4,9,HyperGraph,1.0,1.0,0.0,0.9296122304888041
E4,10,BinaryGraph,0.2,0.0,1.0,0.9360702582000903
E4,10,HyperGraph,1.0,1.0,0.0,0.9360702582000903
E4,11,BinaryGraph,0.2,0.0,1.0,0.9398924636526474
E4,11,HyperGraph,1.0,1.0,0.0,0.9398924636526474
E4,12,BinaryGraph,0.2,0.0,1.0,0.8710076538339754
E4,12,HyperGraph,1.0,1.0,0.0,0.8710076538339754
E4,13,BinaryGraph,0.2,0.0,1.0,0.8749529739222924
E4,13,HyperGraph,1.0,1.0,0.0,0.8749529739222924
E4,14,BinaryGraph,0.2,0.0,1.0,0.8602793621671785
E4,14,HyperGraph,1.0,1.0,0.0,0.8602793621671785
E4,15,BinaryGraph,0.2,0.0,1.0,0.9280116241871442
E4,15,HyperGraph,1.0,1.0,0.0,0.9280116241871442
E4,16,BinaryGraph,0.2,0.0,1.0,0.9384134701451008
E4,16,HyperGraph,1.0,1.0,0.0,0.9384134701451008
E4,17,BinaryGraph,0.2,0.0,1.0,0.8906377389832116
E4,17,HyperGraph,1.0,1.0,0.0,0.8906377389832116
E4,18,BinaryGraph,0.2,0.0,1.0,0.9120661510150713
E4,18,HyperGraph,1.0,1.0,0.0,0.9120661510150713
E4,19,BinaryGraph,0.2,0.0,1.0,0.8654553338332205
E4,19,HyperGraph,1.0,1.0,0.0,0.8654553338332205
E4,20,BinaryGraph,0.2,0.0,1.0,0.9429881015693674
E4,20,HyperGraph,1.0,1.0,0.0,0.9429881015693674
E4,21,BinaryGraph,0.2,0.0,1.0,0.9364605696219963
E4,21,HyperGraph,1.0,1.0,0.0,0.9364605696219963
E4,22,BinaryGraph,0.2,0.0,1.0,0.9476206032930963
E4,22,HyperGraph,1.0,1.0,0.0,0.9476206032930963
E4,23,BinaryGraph,0.2,0.0,1.0,0.9310771719940396
E4,23,HyperGraph,1.0,1.0,0.0,0.9310771719940396
E4,24,BinaryGraph,0.2,0.0,1.0,0.9381416204663324
E4,24,HyperGraph,1.0,1.0,0.0,0.9381416204663324
E4,25,BinaryGraph,0.2,0.0,1.0,0.8524786361898189
E4,25,HyperGraph,1.0,1.0,0.0,0.8524786361898189
E4,26,BinaryGraph,0.2,0.0,1.0,0.9236564471755082
E4,26,HyperGraph,1.0,1.0,0.0,0.9236564471755082
E4,27,BinaryGraph,0.2,0.0,1.0,0.8832185467946428
E4,27,HyperGraph,1.0,1.0,0.0,0.8832185467946428
E4,28,BinaryGraph,0.2,0.0,1.0,0.9430815886048325
E4,28,HyperGraph,1.0,1.0,0.0,0.9430815886048325
E4,29,BinaryGraph,0.2,0.0,1.0,0.9302235138937138
E4,29,HyperGraph,1.0,1.0,0.0,0.9302235138937138
E4,30,BinaryGraph,0.2,0.0,1.0,0.9364064028375279
E4,30,HyperGraph,1.0,1.0,0.0,0.9364064028375279
E4,31,BinaryGraph,0.2,0.0,1.0,0.9310749316574388
E4,31,HyperGraph,1.0,1.0,0.0,0.9310749316574388
E4,32,BinaryGraph,0.2,0.0,1.0,0.8766805709594472
E4,32,HyperGraph,1.0,1.0,0.0,0.8766805709594472
E4,33,BinaryGraph,0.2,0.0,1.0,0.9287374509135471
E4,33,HyperGraph,1.0,1.0,0.0,0.9287374509135471
E4,34,BinaryGraph,0.2,0.0,1.0,0.8608095626402957
E4,34,HyperGraph,1.0,1.0,0.0,0.8608095626402957
E4,35,BinaryGraph,0.2,0.0,1.0,0.937216678290609
E4,35,HyperGraph,1.0,1.0,0.0,0.937216678290609
E4,36,BinaryGraph,0.2,0.0,1.0,0.9358593251337781
E4,36,HyperGraph,1.0,1.0,0.0,0.9358593251337781
E4,37,BinaryGraph,0.2,0.0,1.0,0.8722433717545665
E4,37,HyperGraph,1.0,1.0,0.0,0.8722433717545665
E4,38,BinaryGraph,0.2,0.0,1.0,0.9316586605596928
E4,38,HyperGraph,1.0,1.0,0.0,0.9316586605596928
E4,39,BinaryGraph,0.2,0.0,1.0,0.8960303234678941
E4,39,HyperGraph,1.0,1.0,0.0,0.8960303234678941
E4,40,BinaryGraph,0.2,0.0,1.0,0.88051908673386
E4,40,HyperGraph,1.0,1.0,0.0,0.88051908673386
E4,41,BinaryGraph,0.2,0.0,1.0,0.9295345499152862
E4,41,HyperGraph,1.0,1.0,0.0,0.9295345499152862
E4,42,BinaryGraph,0.2,0.0,1.0,0.872759548740777
E4,42,HyperGraph,1.0,1.0,0.0,0.872759548740777
E4,43,BinaryGraph,0.2,0.0,1.0,0.8523664434701451
E4,43,HyperGraph,1.0,1.0,0.0,0.8523664434701451
E4,44,BinaryGraph,0.2,0.0,1.0,0.8693129788327708
E4,44,HyperGraph,1.0,1.0,0.0,0.8693129788327708
E4,45,BinaryGraph,0.2,0.0,1.0,0.8828261951197707
E4,45,HyperGraph,1.0,1.0,0.0,0.8828261951197707
E4,46,BinaryGraph,0.2,0.0,1.0,0.9364352942030286
E4,46,HyperGraph,1.0,1.0,0.0,0.9364352942030286
E4,47,BinaryGraph,0.2,0.0,1.0,0.946688910404836
E4,47,HyperGraph,1.0,1.0,0.0,0.946688910404836
E4,48,BinaryGraph,0.2,0.0,1.0,0.8779124992721871
E4,48,HyperGraph,1.0,1.0,0.0,0.8779124992721871
E4,49,BinaryGraph,0.2,0.0,1.0,0.9141481738607627
E4,49,HyperGraph,1.0,1.0,0.0,0.9141481738607627
E4,50,BinaryGraph,0.2,0.0,1.0,0.889967838436006
E4,50,HyperGraph,1.0,1.0,0.0,0.889967838436006
E4,51,BinaryGraph,0.2,0.0,1.0,0.9481149687198259
E4,51,HyperGraph,1.0,1.0,0.0,0.9481149687198259
E4,52,BinaryGraph,0.2,0.0,1.0,0.9036215732478722
E4,52,HyperGraph,1.0,1.0,0.0,0.9036215732478722
E4,53,BinaryGraph,0.2,0.0,1.0,0.9439237140324716
E4,53,HyperGraph,1.0,1.0,0.0,0.9439237140324716
E4,54,BinaryGraph,0.2,0.0,1.0,0.8615341751851427
E4,54,HyperGraph,1.0,1.0,0.0,0.8615341751851427
E4,55,BinaryGraph,0.2,0.0,1.0,0.9470400611022227
E4,55,HyperGraph,1.0,1.0,0.0,0.9470400611022227
E4,56,BinaryGraph,0.2,0.0,1.0,0.8678567816172463
E4,56,HyperGraph,1.0,1.0,0.0,0.8678567816172463
E4,57,BinaryGraph,0.2,0.0,1.0,0.9462534315761555
E4,57,HyperGraph,1.0,1.0,0.0,0.9462534315761555
E4,58,BinaryGraph,0.2,0.0,1.0,0.8765466362522968
E4,58,HyperGraph,1.0,1.0,0.0,0.8765466362522968
E4,59,BinaryGraph,0.2,0.0,1.0,0.8608402547214711
E4,59,HyperGraph,1.0,1.0,0.0,0.8608402547214711
E4,60,BinaryGraph,0.2,0.0,1.0,0.8934563758564644
E4,60,HyperGraph,1.0,1.0,0.0,0.8934563758564644
E4,61,BinaryGraph,0.2,0.0,1.0,0.9228545060652704
E4,61,HyperGraph,1.0,1.0,0.0,0.9228545060652704
E4,62,BinaryGraph,0.2,0.0,1.0,0.8813677314194991
E4,62,HyperGraph,1.0,1.0,0.0,0.8813677314194991
E4,63,BinaryGraph,0.2,0.0,1.0,0.9106208853306142
E4,63,HyperGraph,1.0,1.0,0.0,0.9106208853306142
E4,64,BinaryGraph,0.2,0.0,1.0,0.9011423059669478
E4,64,HyperGraph,1.0,1.0,0.0,0.9011423059669478
E4,65,BinaryGraph,0.2,0.0,1.0,0.8885195433344727
E4,65,HyperGraph,1.0,1.0,0.0,0.8885195433344727
E4,66,BinaryGraph,0.2,0.0,1.0,0.90765880434966
E4,66,HyperGraph,1.0,1.0,0.0,0.90765880434966
E4,67,BinaryGraph,0.2,0.0,1.0,0.8754722506138581
E4,67,HyperGraph,1.0,1.0,0.0,0.8754722506138581
E4,68,BinaryGraph,0.2,0.0,1.0,0.920878528383417
E4,68,HyperGraph,1.0,1.0,0.0,0.920878528383417
E4,69,BinaryGraph,0.2,0.0,1.0,0.8501691278218629
E4,69,HyperGraph,1.0,1.0,0.0,0.8501691278218629
E4,70,BinaryGraph,0.2,0.0,1.0,0.9425575165499083
E4,70,HyperGraph,1.0,1.0,0.0,0.9425575165499083
E4,71,BinaryGraph,0.2,0.0,1.0,0.9038451997092791
E4,71,HyperGraph,1.0,1.0,0.0,0.9038451997092791
E4,72,BinaryGraph,0.2,0.0,1.0,0.9219429999144845
E4,72,HyperGraph,1.0,1.0,0.0,0.9219429999144845
E4,73,BinaryGraph,0.2,0.0,1.0,0.9241950077839476
E4,73,HyperGraph,1.0,1.0,0.0,0.9241950077839476
E4,74,BinaryGraph,0.2,0.0,1.0,0.9170628504432999
E4,74,HyperGraph,1.0,1.0,0.0,0.9170628504432999
E4,75,BinaryGraph,0.2,0.0,1.0,0.8864221471781264
E4,75,HyperGraph,1.0,1.0,0.0,0.8864221471781264
E4,76,BinaryGraph,0.2,0.0,1.0,0.856997381112631
E4,76,HyperGraph,1.0,1.0,0.0,0.856997381112631
E4,77,BinaryGraph,0.2,0.0,1.0,0.9164237684911272
E4,77,HyperGraph,1.0,1.0,0.0,0.9164237684911272
E4,78,BinaryGraph,0.2,0.0,1.0,0.8830200036042596
E4,78,HyperGraph,1.0,1.0,0.0,0.8830200036042596
E4,79,BinaryGraph,0.2,0.0,1.0,0.8813915645058359
E4,79,HyperGraph,1.0,1.0,0.0,0.8813915645058359
E4,80,BinaryGraph,0.2,0.0,1.0,0.9348015279506335
E4,80,HyperGraph,1.0,1.0,0.0,0.9348015279506335
E4,81,BinaryGraph,0.2,0.0,1.0,0.921975426301395
E4,81,HyperGraph,1.0,1.0,0.0,0.921975426301395
E4,82,BinaryGraph,0.2,0.0,1.0,0.8800322268211264
E4,82,HyperGraph,1.0,1.0,0.0,0.8800322268211264
E4,83,BinaryGraph,0.2,0.0,1.0,0.8809284662208653
E4,83,HyperGraph,1.0,1.0,0.0,0.8809284662208653
E4,84,BinaryGraph,0.2,0.0,1.0,0.8908392908619216
E4,84,HyperGraph,1.0,1.0,0.0,0.8908392908619216
E4,85,BinaryGraph,0.2,0.0,1.0,0.8902400387057724
E4,85,HyperGraph,1.0,1.0,0.0,0.8902400387057724
E4,86,BinaryGraph,0.2,0.0,1.0,0.8795655202525947
E4,86,HyperGraph,1.0,1.0,0.0,0.8795655202525947
E4,87,BinaryGraph,0.2,0.0,1.0,0.8627287799059153
E4,87,HyperGraph,1.0,1.0,0.0,0.8627287799059153
E4,88,BinaryGraph,0.2,0.0,1.0,0.8920446333772908
E4,88,HyperGraph,1.0,1.0,0.0,0.8920446333772908
E4,89,BinaryGraph,0.2,0.0,1.0,0.9440363670730183
E4,89,HyperGraph,1.0,1.0,0.0,0.9440363670730183
E4,90,BinaryGraph,0.2,0.0,1.0,0.9177317945272733
E4,90,HyperGraph,1.0,1.0,0.0,0.9177317945272733
E4,91,BinaryGraph,0.2,0.0,1.0,0.9402805545732582
E4,91,HyperGraph,1.0,1.0,0.0,0.9402805545732582
E4,92,BinaryGraph,0.2,0.0,1.0,0.911551491595138
E4,92,HyperGraph,1.0,1.0,0.0,0.911551491595138
E4,93,BinaryGraph,0.2,0.0,1.0,0.8800949874565565
E4,93,HyperGraph,1.0,1.0,0.0,0.8800949874565565
E4,94,BinaryGraph,0.2,0.0,1.0,0.9047937213135698
E4,94,HyperGraph,1.0,1.0,0.0,0.9047937213135698
E4,95,BinaryGraph,0.2,0.0,1.0,0.8500405939697288
E4,95,HyperGraph,1.0,1.0,0.0,0.8500405939697288
E4,96,BinaryGraph,0.2,0.0,1.0,0.8786913716868927
E4,96,HyperGraph,1.0,1.0,0.0,0.8786913716868927
E4,97,BinaryGraph,0.2,0.0,1.0,0.8929888149989834
E4,97,HyperGraph,1.0,1.0,0.0,0.8929888149989834
E4,98,BinaryGraph,0.2,0.0,1.0,0.9079984781195681
E4,98,HyperGraph,1.0,1.0,0.0,0.9079984781195681
E4,99,BinaryGraph,0.2,0.0,1.0,0.9154705623703071
E4,99,HyperGraph,1.0,1.0,0.0,0.9154705623703071
E4,100,BinaryGraph,0.2,0.0,1.0,0.8964988190247014
E4,100,HyperGraph,1.0,1.0,0.0,0.8964988190247014
